notes,Compound.Name,Dino-1314,Green-1545,Archaea-SCM1,Alpha-SA30,Alpha-SA42,Alpha-SA33,Beta-SA59,CFB-SA60,Alpha-SA16,Alpha-SA44,Alpha-SA36,Alpha-SA48,Alpha-SA53,Alpha-SA11,Alpha-DSS-3,Alpha-Och114,Syn-7803,Croco-8501,Syn-8102,Pro-MED4,Pro-1314,Pro-Natl2A,Pro-AS9601,Diatom-To,Hapto-2090,Diatom-Cm,Diatom-Tp,Hapto-371,Diatom-Np,Diatom-Pt,Diatom-Pc55x,Dino-449,Dino-1771,Dino-2021,Chryso-116,Chryso-Ca,Chryso-Cr,Chryso-Cs,Chryso-P3,Green-3430,Gamma-SA55,Gamma-SA7,Diatom-Tp10,Diatom-Tp28,Diatom-Tp35
added to media,Alanine-HILIC,Blk,1,1,1,Blk,1,Blk,Blk,1,Blk,1,Blk,0.666666667,1,Blk,Blk,1,1,1,1,Blk,1,1,1,1,1,1,1,1,1,1,1,1,1,1,1,1,1,1,1,Blk,Blk,1,1,1
added to media,Aminobenzoic Acid-RP,Blk,0,0.666666667,Blk,Blk,Blk,Blk,Blk,Blk,Blk,Blk,Blk,Blk,1,1,Blk,1,0,0,1,Blk,1,Blk,0,0,0,0,Blk,Blk,0.5,0,0,0,0,Blk,Blk,Blk,0,Blk,Blk,Blk,Blk,1,1,1
added to media,Arginine-HILIC,1,1,1,1,1,Blk,1,Blk,Blk,1,1,1,1,Blk,Blk,1,1,1,1,1,0.666666667,Blk,0.666666667,1,1,1,1,1,1,1,1,1,1,1,1,1,1,1,1,1,1,1,1,1,1
added to media,Asparagine-HILIC,1,1,0,Blk,Blk,Blk,0,Blk,0,0,0,0,0,0,0,0,1,1,0,1,1,1,1,1,1,1,1,1,1,1,1,1,1,1,0,1,1,1,1,1,Blk,Blk,1,1,1
added to media,Aspartic acid-HILIC,1,1,1,Blk,Blk,1,Blk,Blk,Blk,Blk,Blk,Blk,Blk,Blk,Blk,Blk,1,1,1,1,1,1,1,1,1,1,1,1,1,1,1,1,1,1,1,1,1,1,1,1,0.666666667,Blk,1,1,1
added to media,Coenzyme B12-RP,0,0,1,1,1,1,1,1,1,1,1,1,1,1,1,1,0,0,0,0,0,0,0,0,0,1,1,0,1,1,1,0,0,0,0,0.666666667,1,0.666666667,0,0,1,1,0,0,0
added to media,Cyano B12-RP,Blk,Blk,1,Blk,Blk,Blk,1,1,Blk,Blk,Blk,Blk,Blk,Blk,1,Blk,0,Blk,0,0,0,0,0,Blk,0,Blk,Blk,0,Blk,1,1,0,0,0,0,0,0,0,0,1,Blk,Blk,0,0,0
added to media,Glutamic acid-HILIC,1,1,1,1,1,1,1,1,1,1,1,1,1,1,1,1,1,1,1,1,1,1,1,1,1,1,1,1,1,1,1,1,1,1,1,1,1,1,1,1,1,1,1,1,1
added to media,Glutamine-HILIC,1,1,1,1,1,1,1,1,1,1,1,1,1,1,1,1,1,1,1,1,1,1,1,1,1,1,1,1,1,1,1,1,1,1,1,1,1,1,1,1,1,1,1,1,1
added to media,Histidine-HILIC,Blk,Blk,1,1,Blk,Blk,1,1,Blk,1,1,1,1,Blk,0.666666667,1,1,1,1,1,Blk,Blk,Blk,1,1,1,1,1,1,1,1,1,1,1,1,1,1,1,1,1,1,1,1,1,1
added to media,Hydroxo B12-RP,1,0,1,1,1,1,1,1,1,1,1,1,1,1,1,1,0,0,0,0,0,0,0,1,0,1,1,1,1,1,1,1,1,1,1,1,1,1,1,1,1,1,1,1,1
added to media,Isoleucine-HILIC,0,1,1,NA,NA,NA,NA,NA,NA,NA,NA,NA,NA,NA,NA,NA,NA,NA,NA,NA,Blk,1,1,NA,NA,NA,NA,NA,NA,NA,NA,1,1,1,1,1,1,1,1,1,NA,NA,1,1,1
added to media,Leucine_Isoleucine-HILIC,NA,NA,NA,1,0,1,Blk,Blk,1,1,1,1,1,1,Blk,Blk,1,1,1,1,NA,NA,NA,1,1,1,1,1,1,1,1,NA,NA,NA,NA,NA,NA,NA,NA,NA,Blk,Blk,NA,NA,NA
added to media,Leucine-HILIC,1,1,0,NA,NA,NA,NA,NA,NA,NA,NA,NA,NA,NA,NA,NA,NA,NA,NA,NA,1,1,1,NA,NA,NA,NA,NA,NA,NA,NA,1,1,1,1,1,1,1,1,1,NA,NA,1,1,1
added to media,Lysine-HILIC,1,1,1,Blk,1,Blk,Blk,Blk,Blk,Blk,Blk,Blk,0.666666667,1,Blk,Blk,1,1,1,1,0.666666667,Blk,0.666666667,1,1,1,1,1,1,1,1,1,1,1,1,1,1,1,1,1,Blk,Blk,1,1,1
added to media,Methionine-HILIC,1,1,0,Blk,Blk,Blk,Blk,Blk,Blk,Blk,Blk,Blk,Blk,Blk,Blk,Blk,1,1,1,1,1,1,1,1,1,1,1,1,1,1,1,1,1,1,1,1,1,1,1,1,Blk,Blk,1,1,1
added to media,Methyl B12-RP,0,0,0,1,1,0,1,0,1,1,1,Blk,0,1,1,0,0,0,0,0,0,0,0,0,0,1,Blk,1,0.333333333,0.5,1,0,0,0,0,0,0,0,0,0,1,1,0,0,0
added to media,Phenylalanine-RP,1,1,1,1,1,1,1,1,1,1,1,1,1,1,1,1,1,1,1,1,1,1,1,1,1,1,1,1,1,1,1,1,1,1,1,1,1,1,1,1,1,1,1,1,1
added to media,Proline-HILIC,1,1,1,Blk,Blk,0.666666667,1,Blk,Blk,1,Blk,Blk,1,Blk,1,1,1,1,1,1,1,1,1,1,1,1,1,1,1,1,1,1,1,1,1,1,1,1,1,1,Blk,Blk,1,1,1
added to media,Pyridoxal Phosphate-RP,1,1,1,1,1,1,1,1,0.666666667,1,1,1,1,1,1,1,1,1,1,1,1,1,1,1,1,1,1,1,1,1,1,1,1,1,1,1,1,1,0,1,1,1,1,1,1
added to media,Pyridoxal-RP,0,0,1,1,1,0,0,1,1,0,1,1,0,1,1,0.666666667,0,1,0,1,1,1,1,0,1,0,0,1,0.333333333,0.5,0,0,0,0,0,0,0,0,0,0,1,1,0,0,0
added to media,Pyridoxamine-RP,0,0,1,1,1,1,0,1,1,1,1,1,1,1,1,1,0,0,0,0,0,0,0,0,1,0,0,0,0,0.5,0,0,0,0,1,0,0,0,1,0,1,1,0,0,0
added to media,Riboflavin Monophosphate-RP,NA,NA,1,NA,NA,NA,NA,NA,NA,NA,NA,NA,NA,NA,NA,NA,NA,NA,NA,NA,NA,NA,NA,NA,NA,NA,NA,NA,NA,NA,NA,NA,NA,NA,0,1,1,1,Blk,1,NA,NA,NA,NA,NA
added to media,Riboflavin Monophosphate-HILIC,0,0,NA,1,0,1,0,1,0,1,0,1,1,0,1,0,1,1,1,1,0,0,0,1,1,1,0,1,1,1,1,0,0,0,NA,NA,NA,NA,NA,NA,1,1,0,0,0
added to media,Serine-HILIC,Blk,1,1,Blk,Blk,Blk,Blk,Blk,Blk,0,Blk,0,Blk,Blk,Blk,Blk,1,1,1,1,0,Blk,1,1,1,1,1,1,1,1,1,1,1,1,1,1,1,1,1,1,Blk,1,1,1,1
added to media,Thiamine monophosphate-RP,0,0,0,1,1,1,0,1,1,1,0,1,1,1,1,1,1,0,1,1,0,0,0,0,0,1,0,0,0.666666667,0.5,0,0,0,0,1,0,0,0,Blk,1,1,1,0,0,0
added to media,Thiamine monophosphate-HILIC,Blk,1,0,1,0.666666667,1,Blk,1,0.666666667,1,1,1,1,0,1,1,1,1,1,1,0,Blk,Blk,1,1,1,1,1,1,1,1,0,Blk,0,Blk,1,Blk,1,Blk,1,1,1,Blk,0,Blk
added to media,thiamine pyrophosphate-RP,1,1,0,1,1,1,1,1,0,1,0,1,1,0,1,1,1,1,1,1,1,1,1,1,0,1,1,0,1,1,1,1,1,1,0,1,1,1,0,1,1,1,1,1,1
added to media,Thiamine pyrophosphate-HILIC,1,1,0,1,0,1,1,1,0,1,0,1,1,0,1,1,1,1,1,1,0,0,0,1,1,1,1,0,1,1,1,1,1,1,0,1,1,1,0,1,0.666666667,1,0,0,0
added to media,Threonine-HILIC,1,1,1,Blk,Blk,Blk,Blk,0,0,Blk,Blk,Blk,Blk,Blk,Blk,Blk,1,1,1,1,1,1,1,1,1,1,1,1,1,1,1,1,1,1,1,1,1,1,1,1,Blk,Blk,1,1,1
added to media,Tryptophan-RP,1,1,1,1,1,1,1,1,1,1,1,1,1,1,1,1,1,1,1,1,1,1,1,1,1,1,1,1,1,1,1,1,1,1,1,1,1,1,1,1,1,1,1,1,1
added to media,Tyrosine-HILIC,1,1,1,Blk,Blk,1,Blk,Blk,Blk,Blk,Blk,Blk,Blk,Blk,Blk,Blk,1,1,1,1,1,1,1,1,Blk,1,1,Blk,1,1,1,1,1,1,1,1,1,1,1,0,Blk,Blk,1,1,1
added to media,Valine-HILIC,1,1,1,Blk,Blk,1,Blk,Blk,Blk,1,Blk,1,1,Blk,Blk,Blk,1,1,1,1,1,1,1,1,1,1,1,1,1,1,1,0,1,1,1,1,1,1,1,1,Blk,Blk,1,1,1
added to media,Vitamin B1-RP,Blk,1,0,1,1,1,0.666666667,1,1,1,1,1,1,1,1,1,1,Blk,0,0,0,Blk,0,Blk,Blk,Blk,Blk,Blk,1,0,1,Blk,Blk,Blk,Blk,Blk,Blk,Blk,Blk,1,1,1,1,1,1
added to media,Vitamin B2-RP,1,0,1,1,1,Blk,Blk,1,1,Blk,1,1,1,1,1,1,1,1,1,1,Blk,Blk,Blk,1,1,1,1,1,1,1,1,1,1,1,1,1,1,1,1,0,1,1,1,1,1
added to media,Vitamin B3-RP,1,0,Blk,1,1,1,Blk,Blk,1,1,1,1,1,1,1,Blk,0,Blk,0,1,Blk,Blk,0,1,1,1,0,Blk,0,0,1,1,1,1,1,1,1,1,1,Blk,1,1,1,1,1
added to media,Vitamin B3-HILIC,1,0,NA,1,Blk,Blk,0,Blk,1,1,Blk,1,1,1,Blk,0,0,0,0,0,Blk,Blk,0,0,1,Blk,0,0,0.333333333,0.5,1,1,1,1,NA,NA,NA,NA,NA,NA,Blk,Blk,0,Blk,0
added to media,Vitamin B5-RP,1,1,0,Blk,1,Blk,Blk,Blk,1,Blk,1,Blk,Blk,1,Blk,Blk,1,0,1,1,1,1,1,1,1,1,1,1,1,1,1,1,1,1,1,1,1,1,1,1,Blk,Blk,1,1,1
added to media,Vitamin B6-RP,0,0,Blk,0,1,0,0,0,0,0,0,0,0,0,0,0,0,0,0,0,Blk,0,0,0,0,0,0,0,0,0,0,0,Blk,Blk,0,0,0,0,0,0,0,0,Blk,Blk,0
added to media,Vitamin B7-RP,0,Blk,0,Blk,Blk,Blk,Blk,Blk,Blk,Blk,Blk,Blk,Blk,Blk,Blk,Blk,0,Blk,0,0,0,0,0.333333333,Blk,0,Blk,Blk,0,1,0.5,Blk,0,0,Blk,0,0,Blk,Blk,0,Blk,Blk,Blk,0,Blk,0
added to media,Vitamin B9-RP,0,0,0,Blk,Blk,Blk,Blk,Blk,Blk,Blk,0,Blk,Blk,Blk,Blk,Blk,1,0,0,0,0,0,0,0,0,0,0,0,0,0,0,0,0,0,0,1,1,1,0,Blk,Blk,Blk,0,0,0
detected but with gaps,"2, 4 decadienal-RP",NA,NA,NA,NA,NA,NA,NA,NA,NA,NA,NA,NA,NA,NA,NA,NA,NA,NA,NA,NA,NA,NA,NA,0,0,1,0,0,0.333333333,0.5,NA,NA,NA,NA,NA,NA,NA,NA,NA,NA,NA,NA,0,0,0
detected but with gaps,Agmatine-RP,NA,NA,1,NA,NA,NA,NA,NA,NA,NA,NA,NA,NA,NA,NA,NA,NA,NA,NA,NA,NA,NA,NA,NA,NA,NA,NA,NA,NA,NA,NA,NA,NA,NA,1,0,0,0,0,0,NA,NA,NA,NA,NA
detected but with gaps,Butyryl-L-carnitine-RP,NA,NA,0,NA,NA,NA,NA,NA,NA,NA,NA,NA,NA,NA,NA,NA,NA,NA,NA,NA,NA,NA,NA,NA,NA,NA,NA,NA,NA,NA,NA,NA,NA,NA,0,1,1,1,0,0,NA,NA,NA,NA,NA
detected but with gaps,Cys-Gly-RP,0,Blk,Blk,NA,NA,NA,NA,NA,NA,NA,NA,NA,NA,NA,NA,NA,NA,NA,NA,NA,1,0.666666667,0.666666667,NA,NA,NA,NA,NA,NA,NA,NA,0,0,0.666666667,0,0,Blk,0,0,0,NA,NA,NA,NA,NA
detected but with gaps,Cys-Gly-HILIC,0,0,0,NA,NA,NA,NA,NA,NA,NA,NA,NA,NA,NA,NA,NA,NA,NA,NA,NA,0,0,0,NA,NA,NA,NA,NA,NA,NA,NA,0,0,0,0,1,1,1,0,Blk,NA,NA,0,0,0
detected but with gaps,Cytosine-HILIC,0,0,0,0,0,0,0,0,0,NA,NA,NA,NA,NA,NA,NA,0,0,1,0,0,0,0,NA,NA,NA,NA,NA,NA,NA,NA,0,0,0,1,1,1,1,1,1,0.666666667,0,0,0,0
detected but with gaps,Fructose biphosphate-HILIC,0,0,NA,0,0,0,NA,NA,NA,0,0,0,0,0,0,0,1,1,Blk,1,NA,NA,NA,0,0,0,0,0,0,0,0,NA,NA,NA,NA,NA,NA,NA,NA,NA,0,0,NA,NA,NA
detected but with gaps,Glucose 1 phosphate-HILIC,0,0,0,NA,NA,NA,NA,NA,NA,NA,NA,NA,NA,NA,NA,NA,1,1,0,0,0,0,0,NA,NA,NA,NA,NA,NA,NA,NA,1,0,1,Blk,Blk,0,0,0,Blk,NA,NA,1,1,1
detected but with gaps,Homoserine Lactone-RP,NA,NA,0,NA,NA,NA,NA,NA,NA,NA,NA,NA,NA,NA,NA,NA,NA,NA,NA,NA,NA,NA,NA,NA,NA,NA,NA,NA,NA,NA,NA,NA,NA,NA,Blk,0,Blk,Blk,Blk,Blk,NA,NA,NA,NA,NA
detected but with gaps,Isobutyryl-L-carnitine-RP,NA,NA,0,NA,NA,NA,NA,NA,NA,NA,NA,NA,NA,NA,NA,NA,NA,NA,NA,NA,NA,NA,NA,NA,NA,NA,NA,NA,NA,NA,NA,NA,NA,NA,0,1,1,1,0,0,NA,NA,NA,NA,NA
detected but with gaps,Methyl 3-methylthiopropionate-HILIC,0,0,0,NA,NA,NA,NA,NA,NA,NA,NA,NA,NA,NA,NA,NA,NA,NA,NA,NA,0,0,0,NA,NA,NA,NA,NA,NA,NA,NA,0,0,1,0,0,0,0,0,0,NA,NA,0,0,0
detected but with gaps,N-Acetyl-Serine-HILIC,0,0,0,NA,NA,NA,NA,NA,NA,NA,NA,NA,NA,NA,NA,NA,NA,NA,NA,NA,0,0,0,NA,NA,NA,NA,NA,NA,NA,NA,0,0,0,0,0,1,0,0,0,NA,NA,0,0,0
detected but with gaps,Ophthalmic Acid-HILIC,NA,NA,0,NA,NA,NA,NA,NA,NA,NA,NA,NA,NA,NA,NA,NA,NA,NA,NA,NA,NA,NA,NA,NA,NA,NA,NA,NA,NA,NA,NA,NA,NA,NA,0,1,1,1,1,1,NA,NA,NA,NA,NA
detected but with gaps,Phosphocholine-RP,NA,NA,Blk,0,0,1,0,0,0.333333333,NA,NA,NA,NA,NA,NA,NA,Blk,Blk,0,Blk,NA,NA,NA,0,0,1,1,0,1,1,0,NA,NA,NA,0,0,0,0,0,0,NA,0,0,0,0
detected but with gaps,Phosphoethanolamine-RP,NA,NA,0,0,0,1,1,0,1,0,0,0,1,1,0,0,0,0,0,0,NA,NA,NA,Blk,0,0,0,0,0,0,0,NA,NA,NA,0,0,0,0,0,0,1,0,0,0,0
detected but with gaps,Pyroglutamic acid-HILIC,NA,NA,0,NA,NA,NA,NA,NA,NA,NA,NA,NA,NA,NA,NA,NA,NA,NA,NA,NA,NA,NA,NA,NA,NA,NA,NA,NA,NA,NA,NA,NA,NA,NA,1,1,1,1,1,1,NA,NA,NA,NA,NA
detected but with gaps,Tocopherol (Vit E)-RP,NA,NA,NA,NA,NA,NA,NA,NA,NA,NA,NA,NA,NA,NA,NA,NA,NA,NA,NA,NA,NA,NA,NA,0,0,1,1,0,1,1,NA,NA,NA,NA,NA,NA,NA,NA,NA,NA,NA,NA,0,0,0
detected but with gaps,Trimethylamine-HILIC,NA,NA,0,NA,NA,NA,NA,NA,NA,NA,NA,NA,NA,NA,NA,NA,NA,NA,NA,NA,NA,NA,NA,NA,NA,NA,NA,NA,NA,NA,NA,NA,NA,NA,0,Blk,0,1,0,0,NA,NA,NA,NA,NA
detected but with gaps,Vitamin K1-RP,NA,NA,0,0,0,0,0,0,0,0,0,0,0,0,0,0,1,0,1,1,NA,NA,NA,0,0,0,0,0,0,0,0,NA,NA,NA,0,0,0,0,0,0,0,0,0,0,0
internal standard,Acetyl CoA 13C2-HILIC,1,1,1,1,1,1,1,1,0,1,0,1,1,0,1,1,1,1,1,1,1,1,1,1,1,1,1,1,1,1,1,1,1,1,1,1,1,1,1,1,1,1,1,1,1
internal standard,Sucrose 13C-HILIC,1,1,1,NA,NA,NA,NA,NA,NA,NA,NA,NA,NA,NA,NA,NA,NA,NA,NA,NA,1,1,1,NA,NA,NA,NA,NA,NA,NA,NA,1,1,1,1,1,1,1,1,1,NA,NA,1,1,1
internal standard,Trehalose 13C-HILIC,1,1,1,NA,NA,NA,NA,NA,NA,NA,NA,NA,NA,NA,NA,NA,NA,NA,NA,NA,1,1,1,NA,NA,NA,NA,NA,NA,NA,NA,1,1,1,1,1,1,1,1,1,NA,NA,1,1,1
internal standard,Isethionic Acid 13C2-HILIC,1,1,1,1,1,1,1,1,1,1,1,1,1,1,1,1,1,1,1,1,1,1,1,1,1,1,1,1,1,1,1,1,1,1,1,1,1,1,1,1,1,1,1,1,1
internal standard,Sulfoacetic Acid 13C2-HILIC,1,1,1,1,1,1,1,1,1,1,1,1,1,1,1,1,1,1,1,1,1,1,1,1,1,1,1,1,1,1,1,1,1,1,1,1,1,1,1,1,1,1,1,1,1
internal standard,Sulfolactic Acid 13C3-HILIC,1,1,1,1,1,1,1,1,1,1,1,1,1,1,1,1,1,1,1,1,1,1,1,1,1,1,1,1,1,1,1,1,1,1,1,1,1,1,1,1,1,1,1,1,1
internal standard,Adenosine Monophosphate 15N5-HILIC,1,1,1,NA,NA,NA,NA,NA,NA,NA,NA,NA,NA,NA,NA,NA,NA,NA,NA,NA,1,1,1,NA,NA,NA,NA,NA,NA,NA,NA,1,1,1,1,1,1,1,1,1,NA,NA,1,1,1
internal standard,Guanosine Monophosphate 15N5-HILIC,1,1,1,NA,NA,NA,NA,NA,NA,NA,NA,NA,NA,NA,NA,NA,NA,NA,NA,NA,1,1,1,NA,NA,NA,NA,NA,NA,NA,NA,1,1,1,1,1,1,1,1,1,NA,NA,1,1,1
internal standard,Indole-3-Acetic Acid D5-RP,1,1,1,1,1,1,1,1,1,1,1,1,1,1,1,1,1,1,1,1,1,1,1,1,1,1,1,1,1,1,1,1,1,1,1,1,1,1,1,1,1,1,1,1,1
internal standard,L-Methionine D3-HILIC,1,1,1,1,1,1,1,1,1,1,1,1,1,1,1,1,1,1,1,1,1,1,1,1,1,1,1,1,1,1,1,1,1,1,1,1,1,1,1,1,1,1,1,1,1
internal standard,L-Phenylalanine D8-RP,1,1,1,1,1,1,1,1,1,1,1,1,1,1,1,1,1,1,1,1,1,1,1,1,1,1,1,1,1,1,1,1,1,1,1,1,1,1,1,1,1,1,1,1,1
internal standard,L-Tryptophan D3-RP,1,1,1,1,1,1,1,1,1,1,1,1,1,1,1,1,1,1,1,1,1,1,1,1,1,1,1,1,1,1,1,1,1,1,1,1,1,1,1,1,1,1,1,1,1
internal standard,L-Cysteic Acid D3-HILIC,1,1,1,1,1,1,1,1,1,1,1,1,1,1,1,1,1,1,1,1,1,1,1,1,1,1,1,1,1,1,1,1,1,1,1,1,1,1,1,1,1,1,1,1,1
internal standard,Pyridoxal D3-RP,1,1,1,NA,NA,NA,NA,NA,NA,NA,NA,NA,NA,NA,NA,NA,NA,NA,NA,NA,1,1,1,NA,NA,NA,NA,NA,NA,NA,NA,1,1,1,1,1,1,1,1,1,NA,NA,NA,NA,NA
internal standard,Succinic Acid D4-HILIC,1,1,1,1,1,1,1,1,1,1,1,1,1,1,1,1,1,1,1,1,1,1,1,1,1,1,1,1,1,1,1,1,1,1,1,1,1,1,1,1,1,1,1,1,1
internal standard,Taurine D4-HILIC,1,1,1,1,1,1,1,1,1,1,1,1,1,1,1,1,1,1,1,1,1,1,1,1,1,1,1,1,1,1,1,1,1,1,1,1,1,1,1,1,1,1,1,1,1
internal standard,Tryptamine Hydrochloride D4-RP,1,1,1,1,1,1,1,1,1,1,1,1,1,1,1,1,1,1,1,1,1,1,1,1,1,1,1,1,1,1,1,1,1,1,1,1,1,1,1,1,1,1,1,1,1
internal standard,Docosahexaenoic Acid D5-DCM,1,1,NA,NA,NA,NA,NA,NA,NA,NA,NA,NA,NA,NA,NA,NA,NA,NA,NA,NA,1,1,1,NA,NA,NA,NA,NA,NA,NA,NA,1,1,1,NA,NA,NA,NA,NA,NA,NA,NA,NA,NA,NA
internal standard,Eicosapentaenoic Acid D5-DCM,1,1,NA,NA,NA,NA,NA,NA,NA,NA,NA,NA,NA,NA,NA,NA,NA,NA,NA,NA,1,1,1,NA,NA,NA,NA,NA,NA,NA,NA,1,1,1,NA,NA,NA,NA,NA,NA,NA,NA,NA,NA,NA
internal standard,Alpha-Tocopherol D6-DCM,NA,NA,NA,NA,NA,NA,NA,NA,NA,NA,NA,NA,NA,NA,NA,NA,NA,NA,NA,NA,NA,NA,NA,NA,NA,NA,NA,NA,NA,NA,NA,NA,NA,NA,NA,NA,NA,NA,NA,NA,NA,NA,NA,NA,NA
internal standard,Arachidonic Acid D8-DCM,1,1,NA,1,1,1,NA,NA,NA,1,1,1,1,1,1,1,1,1,1,1,1,1,1,NA,NA,NA,NA,NA,NA,NA,NA,1,1,1,NA,NA,NA,NA,NA,NA,1,NA,NA,NA,NA
internal standard,DL-Alanine D3-HILIC,1,1,1,1,1,1,1,1,1,1,1,1,1,1,1,1,1,1,1,1,1,1,1,1,1,1,1,1,1,1,1,1,1,1,1,1,1,1,1,1,1,1,1,1,1
internal standard,DL-Histidine 15N-HILIC,1,1,1,1,1,1,1,1,1,1,1,1,1,1,1,1,1,1,1,1,1,1,1,1,1,1,1,1,1,1,1,1,1,1,1,1,1,1,1,1,1,1,1,1,1
internal standard,L-Isoleucine 15N-HILIC,1,1,1,1,1,1,1,1,1,1,1,1,1,1,1,1,1,1,1,1,1,1,1,1,1,1,1,1,1,1,1,1,1,1,1,1,1,1,1,1,1,1,1,1,1
internal standard,DL-Proline D7-HILIC,1,1,1,NA,NA,NA,NA,NA,NA,NA,NA,NA,NA,NA,NA,NA,NA,NA,NA,NA,1,1,1,NA,NA,NA,NA,NA,NA,NA,NA,1,1,1,1,1,1,1,1,1,NA,NA,1,1,1
internal standard,DL-Valine D8-HILIC,1,1,1,NA,NA,NA,NA,NA,NA,NA,NA,NA,NA,NA,NA,NA,NA,NA,NA,NA,1,1,1,NA,NA,NA,NA,NA,NA,NA,NA,1,1,1,1,1,1,1,1,1,NA,NA,1,1,1
internal standard,Vitamin B1_IS-RP,1,1,1,NA,NA,NA,NA,NA,NA,NA,NA,NA,NA,NA,NA,NA,NA,NA,NA,NA,1,1,1,NA,NA,NA,NA,NA,NA,NA,NA,1,1,1,1,1,1,1,1,1,NA,NA,NA,NA,NA
internal standard,Vitamin B2_IS-RP,1,1,1,1,1,1,1,1,1,1,1,1,1,1,1,1,1,1,1,1,1,1,1,1,1,1,1,1,1,1,1,1,1,1,1,1,1,1,1,1,1,1,1,1,1
not detected on TQS,"2,4 octadienal-RP",0,0,0,NA,NA,NA,0,0,0,0,0,0,0,0,0,0,NA,NA,NA,NA,0,0,0,0,0,0,0,0,0,0,0,0,0,0,0,0,0,0,0,0,0,0,0,0,0
not detected on TQS,3 Indolebutyric Acid-RP,NA,NA,0,NA,NA,NA,0,0,0,0,0,0,0,0,0,0,NA,NA,NA,NA,NA,NA,NA,0,0,0,0,0,0,0,NA,NA,NA,NA,0,0,0,0,0,0,0,0,0,0,0
not detected on TQS,3 Indolepropionic Acid-RP,0,0,0,0,0,0,0,0,0,0,0,0,0,0,0,0,0,0,0,0,0,0,0,0,0,0,0,0,0,0,0,0,0,0,0,0,0,0,0,0,0,0,0,0,0
not detected on TQS,3-Indoleacetonitrile-RP,0,0,0,NA,NA,NA,0,0,0,0,0,0,0,0,0,0,NA,NA,NA,NA,0,0,0,0,0,0,0,0,0,0,0,0,0,0,0,0,0,0,0,0,0,0,0,0,0
not detected on TQS,3-Sulfopyruvic Acid-HILIC,0,0,Blk,0,0,0,0,0,0,0,0,0,0,0,0,0,0,0,0,0,0,0,0,0,0,0,0,0,0,0,0,0,0,0,0,0,0,0,0,0,0,0,0,0,0
not detected on TQS,3OC6-HSL-RP,NA,NA,0,0,0,0,0,0,0,0,0,0,0,0,0,0,0,0,0,0,NA,NA,NA,0,0,0,0,0,0,0,0,NA,NA,NA,0,0,0,0,0,0,0,0,NA,NA,NA
not detected on TQS,3OC8-HSL-RP,NA,NA,0,0,0,0,0,0,0,0,0,0,0,0,0,0,0,0,0,0,NA,NA,NA,0,0,0,0,0,0,0,0,NA,NA,NA,0,0,0,0,0,0,0,0,NA,NA,NA
not detected on TQS,Abscisic Acid-RP,0,0,./,/,x   ,0,0,0,0,0,0,0,0,0,0,0,0,0,0,0,0,0,0,0,0,0,0,0,0,0,0,0,0,0,0,0,0,0,0,0,0,0,0,0,0
not detected on TQS,Acetoacetyl CoA-HILIC,0,0,0,0,0,0,0,0,0,0,0,0,0,0,0,0,0,0,0,0,0,0,0,0,0,0,0,0,0,0,0,0,0,0,0,0,0,0,0,0,0,0,0,0,0
not detected on TQS,Acetosyringone-RP,0,0,0,0,0,0,0,0,0,0,0,0,0,0,0,0,0,0,0,0,0,0,0,0,0,0,0,0,0,0,0,0,0,0,0,0,0,0,0,0,0,0,0,0,0
not detected on TQS,Acetovanillone-RP,0,0,0,0,0,0,0,0,0,0,0,0,0,0,0,0,0,0,0,0,0,0,0,0,0,0,0,0,0,0,0,0,0,0,0,0,0,0,0,0,0,0,0,0,0
not detected on TQS,C4-HSL-RP,NA,NA,0,0,0,0,0,0,0,0,0,0,0,0,0,0,0,0,0,0,NA,NA,NA,0,0,0,0,0,0,0,0,NA,NA,NA,0,0,0,0,0,0,0,0,NA,NA,NA
not detected on TQS,C6-HSL-RP,NA,NA,0,0,0,0,0,0,0,Blk,0,0,0,0,0,0,0,0,0,0,NA,NA,NA,0,0,0,0,0,0,0,0,NA,NA,NA,0,0,0,0,0,0,0,0,NA,NA,NA
not detected on TQS,C8-HSL-RP,NA,NA,0,NA,NA,NA,0,0,0,0,0,0,0,0,0,0,NA,NA,NA,NA,NA,NA,NA,0,Blk,0,0,0,Blk,0,0,NA,NA,NA,0,Blk,0,0,Blk,0,0,0,NA,NA,NA
not detected on TQS,Caffeic Acid-RP,0,0,0,0,0,0,0,0,0,0,0,0,0,0,0,0,0,0,0,0,0,0,0,0,0,0,0,0,0,0,0,0,0,0,0,0,0,0,0,0,0,0,0,0,0
not detected on TQS,Caffeine-RP,0,0,0,0,0,0,0,0,Blk,Blk,Blk,Blk,Blk,Blk,Blk,Blk,0,Blk,Blk,0,0,0,0,0,0,0,0,Blk,Blk,0,Blk,0,0,0,0,0,0,0,0,0,0,Blk,0,0,0
not detected on TQS,Camalexin-RP,0,0,0,0,0,0,0,0,0,0,0,0,0,0,0,0,0,0,0,0,0,0,0,0,0,0,0,0,0,0,0,0,0,0,0,0,0,0,0,0,0,0,0,0,0
not detected on TQS,cinnamoyl-HSL-RP,NA,NA,0,0,0,0,0,0,0,0,0,0,0,0,0,0,0,0,0,0,NA,NA,NA,0,0,0,0,0,0,0,0,NA,NA,NA,0,0,0,0,0,0,0,0,NA,NA,NA
not detected on TQS,Creatine-RP,NA,NA,0,NA,NA,NA,NA,NA,NA,NA,NA,NA,NA,NA,NA,NA,NA,NA,NA,NA,NA,NA,NA,NA,NA,NA,NA,NA,NA,NA,NA,NA,NA,NA,0,0,0,0,0,0,NA,NA,NA,NA,NA
not detected on TQS,Creatine-HILIC,0,0,0,0,0,0,0,0,0,Blk,Blk,0,0,0,Blk,0,0,0,0,Blk,0,0,0,0,0,0,0,0,0,0,Blk,0,0,0,Blk,0,0,Blk,Blk,0,0,0,0,0,0
not detected on TQS,Crotonyl CoA-HILIC,0,0,0,0,0,0,0,0,0,0,0,0,0,0,0,0,0,0,0,0,0,0,0,0,0,0,0,0,0,0,0,0,0,0,0,Blk,Blk,0,0,0,0,0,0,0,0
not detected on TQS,Cys-Gly oxidized-HILIC,0,0,0,NA,NA,NA,NA,NA,NA,NA,NA,NA,NA,NA,NA,NA,NA,NA,NA,NA,0,0,0,NA,NA,NA,NA,NA,NA,NA,NA,0,0,0,Blk,Blk,0,Blk,Blk,Blk,NA,NA,0,Blk,0
not detected on TQS,Cysteine-RP,NA,NA,NA,0,0,0,Blk,Blk,0,0,0,Blk,Blk,0,0,0,0,0,0,0,NA,NA,NA,0,0,0,0,0,0,0,0,NA,NA,NA,NA,NA,NA,NA,NA,NA,0,0,NA,NA,NA
not detected on TQS,Decarboxylated S-Adenosylmethionine-RP,NA,NA,Blk,NA,NA,NA,NA,NA,NA,NA,NA,NA,NA,NA,NA,NA,NA,NA,NA,NA,NA,NA,NA,NA,NA,NA,NA,NA,NA,NA,NA,NA,NA,NA,Blk,0,Blk,Blk,0,0,NA,NA,NA,NA,NA
not detected on TQS,DHZ-RP,0,0,0,Blk,0,0,0,0,Blk,Blk,Blk,Blk,Blk,0,0,Blk,0,0,0,0,0,0,0,0,0,0,0,0,Blk,0,0,0,0,0,0,0,Blk,0,0,0,Blk,Blk,0,0,0
not detected on TQS,Dihydroxybenzoic acid-RP,0,0,0,0,0,0,0,0,0,0,0,0,0,0,0,0,0,0,0,0,0,0,0,0,0,0,0,0,0,0,0,0,0,0,0,0,0,0,0,0,0,0,0,0,0
not detected on TQS,Domoic Acid-RP,0,0,0,0,0,0,0,0,0,0,0,0,0,0,0,0,0,0,0,0,0,0,0,0,0,0,0,0,0,0,0,0,0,0,0,0,0,0,0,0,0,0,0,0,0
not detected on TQS,Ethanesulfonic Acid-HILIC,Blk,Blk,Blk,Blk,Blk,0,0,0,0,0,0,0,0,Blk,0,Blk,0,0,0,0,Blk,0,0,0,0,Blk,0,0,0,0,0,0,0,0,0,0,0,0,0,0,0,0,0,0,0
not detected on TQS,Ethyl 3 aminobenzoate-RP,0,0,0,0,0,0,0,0,0,0,0,0,0,0,0,0,0,0,0,1,0,0,0,0,0,0,0,0,0,0,0,0,0,0,0,0,0,0,0,0,0,0,0,0,0
not detected on TQS,Ethyl Dihydroxybenzoate-HILIC,0,0,0.666666667,0,0,0,0,0,0,0,0,0,0,0,0,0,0,0,0,0,0,0,0,0,0,0,0,0,0,0,0,0,0,0,0,Blk,0,Blk,0,Blk,0,0,0,0,0
not detected on TQS,Ferulic Acid-RP,0,0,0,0,0,0,0,0,0,0,0,0,0,0,0,0,0,0,0,0,0,0,0,0,0,0,0,0,0,0,0,0,0,0,0,0,0,0,0,0,0,0,0,0,0
not detected on TQS,GA3-RP,0,0,0,0,0,0,0,0,0,0,0,0,0,0,0,0,0,0,0,0,0,0,0,0,0,0,0,0,0,0,0,0,0,0,0,0,0,Blk,Blk,0,0,0,0,0,0
not detected on TQS,Glucosamine-HILIC,NA,NA,0,NA,NA,NA,NA,NA,NA,NA,NA,NA,NA,NA,NA,NA,NA,NA,NA,NA,NA,NA,NA,NA,NA,NA,NA,NA,NA,NA,NA,NA,NA,NA,0,0,0,0,0,0,NA,NA,NA,NA,NA
not detected on TQS,Glycine-HILIC,NA,NA,NA,NA,NA,NA,NA,NA,NA,NA,NA,NA,NA,NA,NA,NA,NA,NA,NA,NA,NA,NA,NA,0,0,0,0,0,0,0,0,NA,NA,NA,NA,NA,NA,NA,NA,NA,NA,NA,NA,NA,NA
not detected on TQS,Homocysteine Thiolactone-HILIC,0,0,0,NA,NA,NA,NA,NA,NA,NA,NA,NA,NA,NA,NA,NA,NA,NA,NA,NA,0,0,0,NA,NA,NA,NA,NA,NA,NA,NA,0,0,0,Blk,Blk,Blk,Blk,Blk,Blk,NA,NA,0,0,0
not detected on TQS,Homocystine-HILIC,0,0,0,NA,NA,NA,NA,NA,NA,NA,NA,NA,NA,NA,NA,NA,NA,NA,NA,NA,0,0,0,NA,NA,NA,NA,NA,NA,NA,NA,0,0,0,Blk,Blk,Blk,Blk,Blk,0,NA,NA,0,0,0
not detected on TQS,Hydroxy-4-methylthiobutyric Acid-HILIC,0,0,0,NA,NA,NA,NA,NA,NA,NA,NA,NA,NA,NA,NA,NA,NA,NA,NA,NA,0,0,0,NA,NA,NA,NA,NA,NA,NA,NA,0,0,0,0,0,0,0,0,0,NA,NA,0,0,0
not detected on TQS,Hydroxylysine-HILIC,0,0,0.333333333,0,0,0,0,0,0,0,0,0,0,0,0,0,0,0,0,0,0,0,0,0,0,0,0,0,0,0,0,0,0,0,0,0,0,0,0,0,0,0,0,0,0
not detected on TQS,Indole 3 carbinol-HILIC,Blk,0.666666667,NA,NA,NA,NA,NA,NA,NA,NA,NA,NA,NA,NA,NA,NA,NA,NA,NA,NA,NA,NA,NA,NA,NA,NA,NA,NA,NA,NA,NA,NA,NA,NA,NA,NA,NA,NA,NA,NA,NA,NA,NA,NA,NA
not detected on TQS,Indole 3 Pyruvic Acid-RP,NA,NA,0,NA,NA,NA,NA,NA,NA,NA,NA,NA,NA,NA,NA,NA,NA,NA,NA,NA,NA,NA,NA,NA,NA,NA,NA,NA,NA,NA,NA,NA,NA,NA,NA,NA,NA,NA,NA,NA,NA,NA,NA,NA,NA
not detected on TQS,Indole 3 Pyruvic Acid-HILIC,NA,NA,NA,0,0,0,0,0,0,NA,NA,NA,NA,NA,NA,NA,NA,NA,NA,NA,NA,NA,NA,NA,NA,NA,NA,NA,NA,NA,NA,NA,NA,NA,NA,NA,NA,NA,NA,NA,0,0,NA,NA,NA
not detected on TQS,Indoleacrylic Acid-RP,NA,NA,0,NA,NA,NA,NA,NA,NA,NA,NA,NA,NA,NA,NA,NA,NA,NA,NA,NA,NA,NA,NA,NA,NA,NA,NA,NA,NA,NA,NA,NA,NA,NA,0,0,0,0,0,0,NA,NA,NA,NA,NA
not detected on TQS,Keto-methiobutyric Acid-HILIC,0,0,0,NA,NA,NA,NA,NA,NA,NA,NA,NA,NA,NA,NA,NA,NA,NA,NA,NA,0,0,0,NA,NA,NA,NA,NA,NA,NA,NA,0,0,0,0,0,0,0,0,0,NA,NA,0,0,0
not detected on TQS,L-Homocysteine-HILIC,0,0,NA,0,0,0,0,0,0,0,0,0,0,0,0,0,0,0,0,0,0,0,0,0,0,0,0,0,0,0,Blk,0,0,0,NA,NA,NA,NA,NA,NA,0,0,NA,NA,NA
not detected on TQS,Lipoic Acid-HILIC,0,0,0,0,0,0,0,0,0,0,0,0,0,0,0,0,0,0,0,0,0,0,0,0,0,0,0,0,0,0,0,0,0,0,0,0,0,0,0,0,0,0,0,0,0
not detected on TQS,Malonyl CoA-HILIC,0,0,0,0,0,0,0,0,0,0,0,0,0,0,0,0,0,0,0,0,0,0,0,0,0,0,0,0,0,0,0,0,0,0,0,0,0,0,0,0,0,0,0,0,0
not detected on TQS,Melatonin-RP,0,0,0,0,0,0,0,0,0,0,0,0,0,0,0,0,0,0,0,0,0,0,0,0,0,0,0,0,0,0,0,0,0,0,0,0,0,0,0,0,0,0,0,0,0
not detected on TQS,MESNA-HILIC,0,0,0,0,0,0,0,0,0,0,0,0,0,0,0,0,0,0,0,0,0,0,0,0,0,0,0,0,0,0,0,0,0,0,0,0,0,0,0,Blk,0,0,0,Blk,Blk
not detected on TQS,MTA-HILIC,NA,NA,NA,0,0,0,0,0,0,0,0,0,0,0,0,0,0,0,0,0,NA,NA,NA,0,0,0,0,0,0,0,0,NA,NA,NA,NA,NA,NA,NA,NA,NA,0,0,NA,NA,NA
not detected on TQS,Muramic Acid-HILIC,0,0,0,0,0,0,0,0,0,0,0,0,0,0,0,0,0,0,0,0,0,0,0,0,0,0,0,0,0,0,0,0,0,0,Blk,0,0,Blk,0,0,0,0,0,0,0
not detected on TQS,NADPH-HILIC,0,0,0,0,0,0,0,0,0,0,0,0,0,0,0,0,0,0,0,0,0,0,0,0,0,0,0,0,0,0,0,0,0,0,0,0,0,0,0,0,0,0,0,0,0
not detected on TQS,p-Coumoroyl-HSL-RP,NA,NA,0,0,0,0,0,0,0,0,0,0,0,0,0,0,0,0,0,0,NA,NA,NA,0,0,0,0,0,0,0,0,NA,NA,NA,0,0,0,0,0,0,0,0,NA,NA,NA
not detected on TQS,PQS-HILIC,0,0,0,0,0,0,Blk,0,0,0,0,0,Blk,0,Blk,0,0,0,0,Blk,0,0,0,0,0,0,0,0,0,0,0,0,0,0,0,0,0,0,0,0,0,Blk,0,0,0
not detected on TQS,Propanesulfonate-HILIC,Blk,Blk,Blk,Blk,Blk,Blk,Blk,Blk,Blk,0,0,Blk,Blk,Blk,Blk,Blk,Blk,0,Blk,Blk,Blk,Blk,Blk,Blk,Blk,Blk,Blk,Blk,0,0,Blk,Blk,Blk,Blk,0,0,0,0,0,0,Blk,0,0,0,0
not detected on TQS,Resorcylic Acid-HILIC,0,0,0,0,0,0,0,0,0,0,0,0,0,0,0,0,0,0,0,0,0,0,0,0,0,0,0,0,0,0,0,0,0,0,0,0,0,0,0,0,0,0,0,0,0
not detected on TQS,Retinoic Acid-RP,0,0,0,0,0,0,0,0,0,0,0,0,0,0,0,0,0,0,0,0,0,0,0,0,0,0,0,0,0,0,0,0,0,0,0,0,0,0,0,0,0,Blk,0,0,0
not detected on TQS,Salicylic Acid-HILIC,0,0,0,0,0,0,0,Blk,0,0,0,0,0,0,0,0,0,0,0,0,Blk,0,0,Blk,Blk,Blk,0,0,0,0,0,0,Blk,Blk,Blk,Blk,Blk,Blk,Blk,Blk,Blk,0,0,0,Blk
not detected on TQS,Sinaptic Acid-RP,0,0,0,0,0,0,0,0,0,0,0,0,0,0,0,0,0,0,0,0,0,0,0,0,0,0,0,0,0,0,0,0,0,0,0,0,0,0,0,0,0,0,0,0,0
not detected on TQS,Syringaldehyde-RP,0,0,0,0,0,0,Blk,Blk,Blk,0,0,Blk,0,0,0,0,Blk,Blk,Blk,0,0,0,0,0,0,Blk,0,0,Blk,0,0,0,0,0,0,0,0,0,0,0,0,0,0,0,0
not detected on TQS,Syringic Acid-RP,0,0,0,0,0,0,0,0,0,0,0,0,0,0,0,0,0,0,0,0,0,0,0,0,0,0,0,0,0,0,0,0,0,0,0,0,0,0,0,0,0,0,0,0,0
not detected on TQS,trans cinnamic acid-RP,0,0,0,0,0,0,0,0,0,0,0,0,0,0,0,0,0,0,0,0,0,0,0,0,0,0,0,0,0,0,0,0,0,0,Blk,0,0,0,0,Blk,0,0,0,0,0
not detected on TQS,trans Retinal-RP,NA,NA,0,0,0,0,0,0,0,0,0,0,0,0,0,0,Blk,0,Blk,Blk,NA,NA,NA,0,0,0,0,0,0,0,0,NA,NA,NA,0,0,0,0,0,0,0,Blk,0,0,0
not detected on TQS,Trimethylamine-N-oxide-HILIC,NA,NA,0,NA,NA,NA,NA,NA,NA,NA,NA,NA,NA,NA,NA,NA,NA,NA,NA,NA,NA,NA,NA,NA,NA,NA,NA,NA,NA,NA,NA,NA,NA,NA,0,0,0,0,0,0,NA,NA,NA,NA,NA
not detected on TQS,Tropodithietic acid-RP,0,0,0,0,0,0,0,0,0,0,0,0,0,0,0,0,0,0,0,0,0,0,0,0,0,0,0,0,0,0,0,0,0,0,0,0,0,0,0,0,0,0,0,0,0
not detected on TQS,Vanillin-RP,Blk,Blk,Blk,Blk,Blk,Blk,Blk,Blk,Blk,Blk,Blk,Blk,Blk,Blk,Blk,Blk,Blk,Blk,Blk,Blk,Blk,Blk,Blk,Blk,Blk,Blk,Blk,Blk,Blk,0,0,Blk,Blk,Blk,Blk,Blk,Blk,Blk,Blk,Blk,Blk,Blk,Blk,Blk,Blk
not detected on TQS,Zeatin-RP,0,0,0,0,0,0,0,0,0,0,0,0,0,0,0,0,0,0,0,0,0,0,0,0,0,0,0,0,0,0,0,0,0,0,0,0,0,0,0,0,0,0,0,0,0
QE,Beta-Glutamic Acid-HILIC,0,0,1,0,0,0,0,0,0,0,0,0,0,0,0,0,0,0,0,0,0,0,0,0,0,0,0,0,0,0,0,0,0,0,0,0,0,0,0,0,0,0,0,0,0
QE,DMS-Acetate-HILIC,1,0,0,0,0,0,0,0,0,0,0,0,0,0,0,0,0,0,0,0,0,0,0,1,1,1,1,1,0,1,1,0.667,0,0,0.33,1,1,1,1,1,0,0,1,1,1
QE,Gonyol-HILIC,1,Blk,0.25,0,0,0,0,0,0,0,0,0,0,0,0,0,0,0,0,0,Blk,Blk,Blk,0,1,1,0,1,0,0,0,1,1,1,1,1,1,1,1,0,0,0,0,0,1
QE,Homarine-HILIC,0,0,Blk,0.33,0,0.33,0.33,0.33,0,0,0,0,0,0,0,0,1,0,1,0,0,0,0,1,0,1,0.66,1,0,0,1,1,0,1,0,1,1,1,0,0,Blk,0,0,1,1
QE-TQS mix,Acetyl-L-Carnitine-HILIC,0,0,0,0,0,0,0,0,0,0,0,0,0,0,0,0,0,0,0,0,0,0,0,1,1,1,1,1,1,1,1,1,0,1,1,1,1,1,0,0,Blk,Blk,1,1,1
QE-TQS mix,Argininosuccinic Acid-HILIC,1,1,1,1,1,1,1,0,1,1,1,1,1,1,1,1,1,1,1,1,1,1,1,1,0.667,1,1,0,1,1,0.667,0,0,1,1,1,1,1,1,1,1,1,0,0,0
QE-TQS mix,Carnitine-HILIC,1,0,0,Blk,1,Blk,Blk,0,0,1,Blk,Blk,Blk,0,Blk,Blk,Blk,Blk,Blk,Blk,0,0,Blk,1,1,1,1,1,1,1,1,1,1,1,1,1,1,1,1,0,0,Blk,1,1,1
QE-TQS mix,Citrulline-HILIC,Blk,Blk,0,1,1,1,0.667,1,1,1,1,1,1,1,1,1,1,1,1,1,1,1,1,1,1,1,1,1,1,1,1,1,1,1,Blk,1,1,1,0,1,1,1,1,1,1
QE-TQS mix,Glutathione Disulfide-RP,1,1,Blk,1,1,1,1,0,1,1,1,1,1,1,1,1,1,1,1,1,1,1,1,1,1,1,1,1,1,1,1,1,1,1,1,1,1,1,1,1,1,1,1,1,1
QE-TQS mix,Glycerophosphocholine-HILIC,1,Blk,Blk,0,0,0,0.33,0.33,0,0,0.667,0,0,0,1,0.667,0.5,0.667,0,0.667,0,0,0,1,1,1,1,1,1,1,1,1,0,0,Blk,1,1,1,0,0,0,0,1,1,1
QE-TQS mix,Homoserine-HILIC,1,1,1,1,1,1,0,0,1,0,0.33,Blk,1,1,0,Blk,1,0.33,1,1,1,1,1,1,1,1,0,1,1,0,0.667,1,1,1,0,1,1,1,0,1,1,0,0,1,1
QE-TQS mix,Indole-3-Carboxylic Acid-RP,0,0,0,0,1,Blk,0,0,0,0,0,0,0,0,1,0,0.5,0,0,0,0,0,0,Blk,0,Blk,0,0,0,0,0.33,0,0,0,1,0,0,0,0,0,0,1,0,0,0
QE-TQS mix,Methionine Sulfoxide-HILIC,0,1,1,Blk,Blk,Blk,Blk,Blk,Blk,Blk,Blk,Blk,Blk,Blk,Blk,Blk,1,1,1,1,Blk,1,1,1,0.0667,1,1,1,1,1,1,1,1,1,0,0,1,0,0,1,1,1,1,1,1
QE-TQS mix,Methylthioadenosine-RP,1,1,1,1,1,1,1,1,1,1,1,1,1,1,1,1,1,1,1,1,1,1,1,1,1,1,1,1,1,1,1,1,1,1,1,1,1,1,1,1,1,1,1,1,1
QE-TQS mix,N-Acetyl-Lysine-HILIC,1,1,1,0,1,0.33,0,1,Blk,1,1,0.33,1,1,1,1,0,1,0.5,1,1,1,1,1,Blk,1,1,Blk,1,1,1,0,Blk,0,1,1,1,1,1,1,1,1,1,1,1
QE-TQS mix,Ornithine-HILIC,1,Blk,0,1,0.667,1,Blk,1,1,1,1,1,1,1,1,1,1,1,1,1,0,0,Blk,1,0.33,1,1,Blk,1,1,Blk,0,0,1,0,1,0,0,1,Blk,1,1,1,1,1
QE-TQS mix,Phosphoglyceric Acid-HILIC,0,1,0.75,1,0,1,1,1,0,1,0.666666667,1,1,0,0,0,0,0,0,0,0,0,0,1,0,1,0,0,0.333333333,0.5,1,0,0,0,Blk,0,0,Blk,Blk,0,0,0,0,0,0
QE-TQS mix,Propionyl-L-carnitine-HILIC,Blk,Blk,0,0,0,0,Blk,0,0,0,Blk,0,Blk,Blk,Blk,Blk,0,Blk,Blk,Blk,Blk,Blk,0,1,1,1,1,0,1,1,1,1,0,0.33,0,1,1,1,0,0,0,0,1,1,1
QE-TQS mix,Proline Betaine-HILIC,1,0,1,1,1,1,0.33,0,0.667,1,0,0.33,0.667,0,0,0,Blk,1,Blk,0,0,0,0,1,1,1,1,1,0,1,1,1,1,1,1,1,1,1,1,1,0.667,0,0,1,1
QE-TQS mix,Sucrose-HILIC,Blk,0,Blk,0,0,0,0,Blk,0,0,Blk,0,Blk,0.33,Blk,Blk,1,0,0.5,1,1,1,1,0,0,1,1,0,1,1,1,0,Blk,0,Blk,Blk,Blk,Blk,Blk,Blk,0,0,0,Blk,0
QE-TQS mix,Trigonelline-HILIC,1,1,Blk,0,1,1,Blk,Blk,0,1,0.667,0,0,0.667,0.33,0,0,0,0,0,0,Blk,Blk,1,1,1,1,0,Blk,1,0,1,1,1,1,1,1,0,0,0,1,0.667,1,1,1
QE-TQS mix,Tryptophol-RP,0,0,0,0,0,0,1,1,0,0,0,0,0,0,1,0,0,0,0,0,0,0,0,0.33,0,Blk,Blk,0,Blk,0,Blk,0,0,0,0,0,0,0,0,0,0,1,0,0,0
TQS,2iP-RP,0,0,Blk,1,1,0,0,0,1,1,0,1,1,1,1,0,0,1,0,0,0,0.333333333,0,0,0,0,0,0,0,0,Blk,0,0,0,0,0,0,0,0,0,0,1,0,0,0
TQS,4-Hydroxybenzaldehyde-RP,Blk,Blk,Blk,Blk,Blk,Blk,Blk,1,Blk,Blk,Blk,Blk,Blk,Blk,1,1,Blk,Blk,1,Blk,0,Blk,Blk,0,Blk,Blk,Blk,Blk,0,0.5,0.666666667,0,0,Blk,Blk,Blk,0,Blk,Blk,Blk,Blk,1,Blk,Blk,Blk
TQS,Acetyl CoA-HILIC,0,0,1,1,0,1,0,0,0,1,0,1,1,0,1,0,1,1,0,1,0,0,0,0,0,0,0,0,0.333333333,0.5,1,0,0,0,0,0,0,0,0,0,0.666666667,0.333333333,0,0,0
TQS,Aconitic Acid-HILIC,0,Blk,1,1,0.666666667,1,0.333333333,0,1,1,1,1,1,1,1,0,1,1,1,1,1,1,1,1,0,1,1,0,1,1,1,0,0,1,Blk,1,Blk,Blk,0,Blk,1,1,1,1,1
TQS,Adenine-HILIC,0,0,1,1,1,1,1,0,0,1,0,0,1,0,0,0,1,1,1,1,0,0,0,1,0,1,1,0,1,1,1,0,0,0,1,1,1,1,1,1,0,0,0,0,0
TQS,Adenosine-HILIC,1,0,1,1,1,1,0,1,1,1,1,1,1,1,1,1,1,0.666666667,1,1,0,0,0,1,1,0,0,1,0.666666667,0.5,0,1,0,1,1,1,1,1,1,1,0,1,0,0,0
TQS,Adenosyl Homocysteine-HILIC,1,1,1,1,1,1,1,1,1,1,1,1,1,1,1,1,1,1,1,1,1,1,1,1,1,1,1,1,1,1,1,1,1,1,1,1,1,1,1,1,1,1,1,1,1
TQS,Adenosyl Methionine-HILIC,1,1,1,1,1,1,1,1,1,1,1,1,1,1,1,1,1,1,1,1,1,1,1,1,1,1,1,1,1,1,1,1,1,1,1,1,1,1,1,1,1,1,1,1,1
TQS,ADP-HILIC,0,1,1,1,Blk,1,1,1,0,0.5,0,1,0,0,0.666666667,0,1,1,1,1,1,1,1,1,1,1,1,0,0.666666667,1,1,0,1,1,0,0,0,0,0,0,0,1,1,1,1
TQS,Amino Propanesulfonic Acid-HILIC,0,1,0,0,0,0,0,0,0,Blk,0,0,0,Blk,Blk,0,Blk,0,Blk,Blk,Blk,Blk,Blk,0,0,0,0,0,0,0,0,0,0,0,0,Blk,Blk,0,0,1,0,0,0,0,0
TQS,Aminobutyric Acid-HILIC,0,0,Blk,1,1,1,1,0,1,1,1,1,1,1,1,0,0,1,0,0,0,0,0,0,1,1,0,1,1,1,Blk,1,1,1,1,Blk,1,Blk,1,Blk,1,0.333333333,0,0,0
TQS,AMP-HILIC,1,1,1,1,0,1,1,1,1,0.5,0,1,0,0,1,0,1,1,1,1,1,1,1,1,1,1,1,1,1,1,1,1,1,1,1,1,1,1,1,1,0.666666667,1,1,1,1
TQS,ATP-HILIC,0,1,1,1,0,1,0,0,0,0.5,0,1,0,0,0,0,0,Blk,0,0,0,0,0,1,1,1,0,0,0,0.5,1,0,0,0,0,0,0,0,0,0,0,0,0,0,0
TQS,Betaine-HILIC,0,0,0,0,0,1,1,0,0,1,1,0,0,0,1,0,1,1,1,0,0,0,0,1,1,1,1,1,0,1,1,0,0,0,0,0,1,1,0,1,1,1,0,1,1
TQS,cAMP-HILIC,0,0,1,0,0,0,0,0,0,0,0,0,0,0,0,0,0,0,0,0,0,0,0,0,0,0,0,0,0,0,0,0,0,0,0,0,0,0,0,0,0,0,0,0,0
TQS,Carotene-RP,0,0,0,0,0,0,0,1,0,0,0,0,0,0,0,0,1,1,1,1,0,1,0,0.666666667,0,1,1,0,1,1,0,0,0,0,0.666666667,1,0,0,0,0.333333333,0,0,1,0,0
TQS,cGMP-HILIC,0,0,1,1,0,1,0,1,0,1,0,0,1,0,0,1,1,1,0,1,0,0,0,0,0,0,0,0,0,0,0,1,1,1,1,1,1,1,0,1,1,1,0,0,0
TQS,Chitobiose-HILIC,0,0,0,0,0,0,0,0,0,0,0,0,0,0,0,0,1,1,1,0,0,0,0,1,0,1,1,0,0,1,0,0,0,0,0,1,1,1,0,1,0,0,1,1,1
TQS,Choline-HILIC,0,0,0,0,0,1,0,0,0,1,0,0,0,0,1,0,0,1,0,0,0,0,Blk,1,1,1,1,1,1,1,1,1,1,1,Blk,0,1,1,Blk,0,0,0,1,1,1
TQS,Citric Acid-HILIC,1,Blk,0,1,1,1,1,1,1,1,1,1,1,1,1,1,1,1,1,1,0,Blk,Blk,1,1,1,1,1,1,1,1,1,1,1,0,1,1,0,0,0,1,1,1,1,1
TQS,Coenzyme Q10-RP,0,0,0,0.333333333,0.333333333,1,0,0,1,1,1,1,1,1,1,0,0,0,0,0,0,0,0,0,0,0,0,0,0,0,0,0,0,0,0,0,0,0,0,0,0.666666667,0,0,0,0
TQS,Cyclic diGMP-HILIC,0,0,0,0,1,0,Blk,0,0,0,0,0,0,0,0,0,0,1,0,0,0,0,0,0,0,0,0,0,0,0,0,0,0,0,0,0,0,0,0,0,1,1,0,0,0
TQS,Cystathionine-HILIC,1,1,0,0,0,0,0,1,0,0,1,0,0,0,0,0,0,0,0,0,0,0,0,1,0,1,1,1,1,1,0.666666667,1,1,1,0,1,1,1,1,1,0,1,0,0,0
TQS,Cysteic Acid-HILIC,0,0,0.666666667,1,1,1,1,1,1,1,1,0.666666667,1,1,1,0.666666667,1,1,0,1,1,1,1,1,1,1,1,1,1,1,1,0,0,Blk,0,1,1,1,0,1,1,1,0,0,0
TQS,Cystine-HILIC,0,0,1,Blk,Blk,Blk,Blk,Blk,Blk,Blk,Blk,Blk,Blk,Blk,Blk,Blk,0,0,0,1,0,1,1,1,1,1,1,1,0.666666667,1,1,0,0,0,0,1,1,1,0,0,Blk,Blk,1,1,1
TQS,Cytidine-HILIC,1,0,0,1,0,0,0,1,1,1,0,1,0,0,0,0,1,0,0,0,0,0,0,1,1,0,0,0,0.666666667,1,1,1,1,1,1,1,1,1,1,1,1,1,0,0,0
TQS,Desthiobiotin-RP,0,0,0,0,0,0,1,1,0,0,0,0,0,0,0,0,1,0,1,1,0,0,0,0,0,0,0,0,1,1,0,0,0,0,0,0,0,0,0,0,0.333333333,0,0,0,0
TQS,DHAP-HILIC,1,1,1,0,0,1,0,0,0,0.5,Blk,0,0,0,1,0,1,1,1,1,0,0,0,1,0,1,1,0,1,1,1,0,0,0,0,0,0,0,0,0,0.333333333,0.333333333,0,0,0
TQS,DHPS-HILIC,0,0,0,0,0,0,0,0,0,0,0,0,0,0,0,0,0,0,0,0,0,0,0,1,1,1,1,1,1,1,1,0,0,0,0,1,1,1,0,0,0,0,1,1,1
TQS,Dimethyl Glycine-RP,Blk,0,0,Blk,0,1,0,1,Blk,1,0,Blk,Blk,Blk,1,Blk,Blk,0,0,0,0,0,0,1,1,1,1,Blk,0.666666667,1,1,1,Blk,1,0,Blk,1,1,Blk,0,0,Blk,1,1,1
TQS,Dimethyl-Benzimidazole-RP,0,0,0,0,1,0,Blk,Blk,Blk,Blk,0,Blk,Blk,Blk,Blk,Blk,0,0,0,0,0,0,0,0,Blk,0,Blk,Blk,Blk,Blk,Blk,0,0,0,0,0,0,0,0,0,Blk,Blk,0,0,0
TQS,DMSP-HILIC,1,1,0,1,1,0,0,0,1,1,0,0,0,1,0,0,0,0.333333333,0,0,0,0,0,1,1,1,1,1,Blk,1,1,1,1,1,1,1,1,1,1,1,0,0,1,1,1
TQS,Ectoine-HILIC,0,0,0,0,1,1,1,0,0,0,0,0,0,0,0,0,0,0,0,0,0,0,0,0,0,0,0,0,0,0,0,0,0,0,0,1,1,1,0,1,1,0,0,0,0
TQS,FAD-HILIC,1,1,1,1,1,1,1,1,1,0.5,0,1,0,0.666666667,1,0,1,1,1,1,0.333333333,1,0.333333333,1,1,1,1,1,1,1,1,1,1,1,1,1,1,1,1,1,0,1,1,1,1
TQS,Fructose-6-Phosphate-HILIC,1,1,1,1,1,1,1,1,0,1,1,0,0,0,1,0,1,1,1,1,1,1,1,1,1,1,1,1,1,1,1,1,1,1,0,0,1,1,0,0,0.666666667,1,1,1,1
TQS,Fumaric Acid-HILIC,1,1,0,1,1,1,1,1,1,1,1,0.666666667,1,1,1,1,0,0,0,0,0,0,0,1,1,1,0,0,1,1,1,0,0,0,0,1,1,1,0,1,1,1,0,0,0
TQS,Gluconic Acid-HILIC,0,0,0,0,0,0,0,0,Blk,1,1,1,1,1,1,1,1,0,0,0,0,Blk,Blk,1,1,1,1,1,0,1,1,1,1,1,1,Blk,0,0,Blk,Blk,0.333333333,Blk,0,0,0
TQS,Glucose-6-Phosphate-HILIC,1,1,1,1,1,1,1,1,0,1,1,1,1,0,1,0,1,1,1,1,1,1,1,1,1,0,1,1,0.666666667,1,0,1,0,1,0,0,1,1,0,0,0.666666667,1,1,1,1
TQS,Glucosylglycerol-HILIC,0,0,0,0,1,0,0,0,0,0,1,0,0,0,0,0,1,1,1,1,0,0,0,1,1,1,1,1,1,1,1,0,0,0,1,1,1,1,1,0,0,0,1,1,1
TQS,Glutathione-RP,1,1,Blk,1,1,1,1,Blk,1,1,1,1,1,1,1,1,1,1,1,1,1,1,1,1,1,1,1,1,1,1,0,1,1,1,1,1,1,1,1,1,1,1,1,1,1
TQS,Glycerol-3-Phosphate-HILIC,0,0,1,1,1,1,1,1,0,1,1,1,1,0,1,0,1,1,1,1,0,0,0,1,1,1,1,0,1,1,1,0,0,0,0,Blk,Blk,Blk,0,Blk,1,1,1,1,1
TQS,GMP-HILIC,0,0,1,1,0,1,1,1,0,0,0,0,0,0,0,0,1,1,1,0,1,0.333333333,1,1,0,1,1,0,1,1,1,0,0,0,0,1,1,1,0,0,0,1,1,1,1
TQS,GTP-HILIC,0,0,0.333333333,1,0,1,0,0,0,0.5,0,0,0,0,0,0,0,0,0,0,0,0,0,1,0,0,0,0,0,0,0,0,0,0,0,0,0,0,0,0,0,0,0,0,0
TQS,Guanine-HILIC,1,1,1,1,1,1,1,1,0,1,1,1,1,1,1,1,1,1,1,1,1,1,1,1,1,1,1,1,1,1,1,1,1,1,0,1,1,1,0,1,0.666666667,1,1,1,1
TQS,Guanosine-HILIC,1,1,1,1,1,1,1,1,1,1,1,1,1,1,1,1,1,1,1,1,1,1,1,1,1,1,1,1,1,1,1,1,1,1,1,1,1,1,1,1,1,1,1,1,1
TQS,Hydroxybutyryl CoA-HILIC,0,0,0,0,0,0,0,0,0,0,0,0,0,0,1,0,0,0,0,0,0,0,0,0,0,0,0,0,0,0,0,0,0,0,0,0,0,0,0,0,0,0,0,0,0
TQS,Hydroxyectoine-HILIC,0,0,0,0,0,0,Blk,0,0,0,0,0,0,0,0,0,0,1,0,0,0,0,0,0,0,0,0,0,0,0,0,0,0,0,0,0,Blk,1,0,0,0,0,0,0,0
TQS,Hypotaurine-HILIC,0,0,0,0,0,0,0,0,0,0,1,0,0,0,0,0,0,0,0,0,0,0,0,0,0,0,0,0,0,0,0,0,0,0,Blk,Blk,Blk,1,0,0,0,0,0,0,0
TQS,Indole-3-Acetic Acid-RP,0,0,0,1,1,1,1,0,1,1,1,1,1,1,1,1,0,0,0,0,0,0,0,0,0,0,0,0,0,0,0,0,0,0,1,1,1,0,0,0,1,1,0,0,0
TQS,Indole-3-Acetamide-RP,0,Blk,1,1,1,1,0,0,0,0,0,0,0,0,0,0,1,1,1,0,0,0,0,0,0,0,0,0,0,0,0,0,0,0.333333333,0,1,1,1,0,0,1,1,0,0,0
TQS,Indole-3-Lactic Acid-RP,0,0,0,0,0,0,0,0,0,0,1,0,0,0,0,0,0,0,0,0,0,0,0,0,0,0,0,0,0,0,0,0,0,0,0,0,0,0,0,0,0,0,0,0,0
TQS,Indole-3-Methyl Acetate-RP,0,0,0,0,0,0,0,0,0,0,0,0,0,0,0,0,0,0,0,0,0,0,0,0,0,0,0,0,0,0,0,0,0,0,0,0,0,0,0,0,0,1,0,0,0
TQS,Isethionic Acid-HILIC,0,1,Blk,0,0,0,0,0,0,0,0,0,0,Blk,0,0,0,0,0,0,0,0,0,0,0,1,0,0,0,0,1,0,0,0,1,1,1,1,1,0,0,0,0,0,0
TQS,Isocitric Acid-HILIC,1,0,0,1,0.666666667,1,0,0,0,0,0,0,0,0,0,0,0,0,0,0,0,0,0,1,0,1,0,0,0.333333333,0.5,1,0,0,0,0,0,0,0,0,0,0,0,0,0,0
TQS,Ketoglutaric Acid-HILIC,1,1,1,1,1,1,1,1,1,1,1,1,1,1,1,1,1,1,1,1,1,0,1,1,0,1,1,1,1,1,1,1,0,1,Blk,0,Blk,0,Blk,1,1,1,1,1,1
TQS,Kinetin-RP,0,0,0,0,0,0,0,0,0,0,0,0,Blk,0,0,0,0,0,0,0,0,0,0,0,0,0,0,0,0,0,0,0,0,0,0,0,0,0,0,0,0,0.666666667,0,0,0
TQS,Kynurenine-RP,0,0,0,1,Blk,Blk,Blk,1,Blk,1,1,1,1,1,Blk,Blk,1,1,1,Blk,0,0,0,1,1,1,1,0,0,0,1,0,1,1,1,0,1,1,1,0,Blk,Blk,0,Blk,0
TQS,Malic Acid-HILIC,Blk,1,Blk,Blk,1,1,1,1,1,1,1,1,1,1,1,0,1,1,1,1,Blk,0,Blk,1,Blk,1,0,0,1,1,1,0,0,0,Blk,1,1,1,Blk,1,1,1,0,0,0
TQS,Methyl Indole-3-Carboxylate-RP,0,0,0,0,0,0,0,0,0,0,0,0,0,0,0,0,0,0,0,0,Blk,0,0,0,0,0,0,0,0,0,0,0,0,0,0,0,0,Blk,0,0,0,1,0,0,0
TQS,Methyl Malonyl CoA-HILIC,0,0,0,0,0,0,0,0,0,0,0,0,0,0,1,0,0,0,0,0,0,0,0,0,0,0,0,0,0,0,0,0,0,0,0,Blk,0,Blk,0,0,0,0,0,0,0
TQS,Methylphosphonic Acid-HILIC,0,0,1,0,0,0,0,0,0,0,0,0,0,0,0,0,0,0,0,0,0,0,0,0,0,0,0,0,0,0,0,0,0,0,0,0,0,0,0,0,0.666666667,0,0,0,0
TQS,N-Acetyltaurine-HILIC,0,0,0,0,0,0,0,0,0,0,0,0,0,0,0,0,0,0,0,0,0,0,0,0,0,0,0,0,0,0,0,0,0,0,0,0,0,0,0,1,0,0,0,0,0
TQS,N-Methyltaurine-HILIC,0,0,0,0,0,0,0,0,0,0,0,0,0,0,0,0,0,0,0,0,0,0,0,0,0,0,0,0,0,0,0,0,0,0,0,0,0,0,0,1,0,0,0,0,0
TQS,NAD-HILIC,1,1,1,1,1,1,1,1,1,0.5,0,1,1,0.666666667,1,1,1,1,1,1,1,1,1,1,1,1,1,1,1,1,1,0,1,1,1,1,1,1,1,1,0.666666667,1,1,1,1
TQS,NADH-HILIC,0,0,1,0,1,0,0,0,0,0,0,0,0,0,0,0,0,0,0,0,0,0,0,0,0,0,0,0,0,0,0,0,0,0,0,0,0,0,0,0,0,0.666666667,0,0,0
TQS,NADP-HILIC,1,1,1,1,0,1,1,1,0,1,0,1,1,0,1,0,1,1,1,1,1,1,1,1,1,1,1,0,1,1,1,0,0,0,Blk,0,0,0,0,0,0.666666667,0.666666667,1,1,1
TQS,Orotic Acid-HILIC,0,0,0,0,0,0,0,1,0,1,1,1,1,0,0,0,0,0,0,0,0,0,0,1,0,1,1,0,1,1,0,0,0,0,0,0,0,0,0,0,0.333333333,0,1,1,1
TQS,Oxalic Acid-HILIC,0,0,0,0,1,1,0,0,0,0,1,1,1,0,0,0,0,0,0,0,0,0,Blk,0,0,0,0,0,0,0.5,0,0,0,0,0,0,0,0,0,0,0,0.666666667,0,0,0
TQS,p-Coumaric Acid-RP,0,0,0,0,1,0,0,1,0,0,0,0,0,0,0,0,0,0,0,0,0,0,0,0,0,0,0,0,0,0,0,0,0,0,0,0,0,0,0,0,0,0,0,0,0
TQS,PEP-HILIC,1,1,1,1,0,1,0,0,0,1,0,1,1,0,0,0,1,1,0,1,0.666666667,0.666666667,1,1,0,1,0,0,1,1,1,0,0,0,0,0,0,0,0,Blk,0.333333333,1,0,0,0
TQS,Picolinic Acid-HILIC,1,0,1,1,Blk,1,0,0,1,1,0,1,1,1,1,0,1,0,0,0,0,0,0,1,0,1,1,0,1,1,1,1,1,1,1,1,1,1,1,0,0,0,0,0,0
TQS,Propionyl CoA-HILIC,0,0,1,0,0,0,0,0,0,0,0,0,0,0,1,0,0,0,0,0,0,0,0,0,0,0,0,0,0,0,0,0,0,0,0,0,0,0,0,0,0,0,0,0,0
TQS,Ribose-5-Phosphate-HILIC,1,1,1,1,0,1,1,1,0,1,1,1,1,0,1,0,1,1,1,1,0.666666667,1,0.666666667,1,0,1,1,0,1,1,1,0,0,1,0,0,0,1,0,0,1,1,1,1,1
TQS,Sarcosine-HILIC,0,0,1,0,0,0,Blk,Blk,Blk,0,Blk,Blk,Blk,0,0,0.333333333,1,Blk,1,0,Blk,Blk,Blk,1,Blk,1,1,0,Blk,1,Blk,Blk,Blk,0,0,0,Blk,1,0,1,0,0,Blk,1,1
TQS,Shikimic Acid-HILIC,0,0,0,0,0,0,0,0,1,0,0,0,0,0,0,0,0,0,0,0,0,0,0,0,0,0,0,0,0,1,0,0,0,0,0,0,0,0,0,0,0,0,0,0,0
TQS,Succinic Acid-HILIC,Blk,Blk,Blk,Blk,1,1,Blk,1,1,1,1,Blk,0,1,1,Blk,Blk,Blk,Blk,Blk,Blk,Blk,Blk,1,Blk,Blk,Blk,Blk,Blk,1,1,Blk,Blk,Blk,Blk,Blk,Blk,Blk,Blk,Blk,1,1,Blk,Blk,Blk
TQS,Succinyl CoA-HILIC,0,0,0,0,0,0,0,0,0,0,0,0,0,0,1,0,0,0,0,0,0,0,0,0,0,0,0,0,0,0,0,0,0,0,0,0,0,0,0,0,0,0,0,0,0
TQS,Sulfoacetic Acid-HILIC,Blk,0,Blk,Blk,0,Blk,0,0,0,0,0,Blk,0,Blk,0,0,0,0,0,1,Blk,0,Blk,Blk,Blk,Blk,Blk,0,Blk,0,Blk,0,0,0,Blk,Blk,Blk,Blk,Blk,Blk,Blk,0,0,0,0
TQS,Sulfolactic Acid-HILIC,Blk,0,0,0,0,0,0,1,0,0,0,0,0,0,Blk,0,0,1,0,0,0,0,0,1,0,1,Blk,0,1,1,1,0,Blk,Blk,Blk,1,1,1,0,0,0,0,0,0,0
TQS,Sulfurol-RP,Blk,0,0,0,1,0,0,0,0,0,0,0,1,0,0,0,Blk,Blk,0,0,0,0,0,0,0,0,1,0,0.666666667,0.5,0,0,0,0,0,0,0,0,0,0,1,0,Blk,Blk,Blk
TQS,Taurine-HILIC,1,1,0,1,0,1,0,1,1,1,0,1,1,1,1,0,0,0,0,0,0,0,0,0,1,1,0,1,0,0.5,1,1,1,1,0,1,1,1,0,1,0,0,0,0,0
TQS,Thymidine-HILIC,0,0,1,0,1,0,0,1,1,1,1,0,1,1,0,1,1,1,1,1,0,0,0,0,0,0,0,0,0,0,0,0,0,0,0,Blk,0,Blk,0,0,1,1,0,Blk,0
TQS,Thymine-HILIC,0,0,1,1,1,1,0,1,1,1,1,1,1,1,1,1,1,1,1,1,1,1,1,1,0,1,1,1,0,0.5,0,0,0,0,Blk,1,1,1,1,Blk,1,1,1,1,1
TQS,trans-Hydroxylproline-HILIC,0,1,0,0,0,0,0,0,0,0,0,0,0,0,0,0,0,0,1,0,0,0,0,1,1,1,1,1,1,1,1,0,0,0,1,1,1,1,1,1,0,0,1,1,1
TQS,Trehalose-HILIC,0,0,0,1,0,0,0,0,0,1,1,0,0,0,0,0,0,1,0,0,0,0,0,0,0,0,0,0,0,0,0,0,0,0,0,1,1,1,1,1,0,0,0,0,0
TQS,Tryptamine-RP,0,0,0,0,0,1,0,1,0,0,0,0,0,0,0,0,0,0,0,0,0,0,0,0,0,0,0,0,0,0,0,0,0,0,0,0,0,0,0,0,0,0,0,0,0
TQS,UDP-Glucosamine-HILIC,1,1,1,1,1,1,1,1,1,1,0,0,0,0,1,1,1,1,1,1,1,1,1,1,1,1,1,1,1,1,1,0,1,1,1,1,1,1,1,1,0,1,1,1,1
TQS,UDP-Glucose-HILIC,1,1,1,1,1,1,1,1,1,1,0,1,1,1,1,1,1,1,1,1,1,1,1,1,1,1,1,1,1,1,1,0,1,1,1,1,1,1,1,1,0,1,1,1,1
TQS,Uracil-HILIC,0,0,0.666666667,1,1,1,0,1,1,1,1,1,1,1,1,0,0,1,1,Blk,Blk,Blk,Blk,Blk,0,0,Blk,0,0,0,0,Blk,Blk,1,0,Blk,Blk,Blk,Blk,0,0,1,0,Blk,0
TQS,Uridine-HILIC,1,1,1,1,1,1,0,1,1,1,1,1,1,1,1,1,1,1,1,0.333333333,0,0,0,1,1,1,1,1,1,1,1,1,1,1,1,1,1,1,1,1,1,1,1,1,1
TQS,Vitamin C-RP,0,0,0.333333333,1,0,1,0,0,0,0,0,0,0,0,0,0,1,0,0,0,0,0,0,0,0,0.666666667,0.333333333,0,0.666666667,1,0,0,0,1,Blk,0,0,0,0,0,0,0,0,0,0
TQS,Xanthine-RP,0,1,0,1,1,1,0,0,1,1,1,1,1,1,1,1,1,0,0,0,0,0,0,0,0,1,1,0,1,1,1,0,0,0,Blk,1,1,1,1,1,0.666666667,1,0,0,0